Frequency [Hz],PSD A^2/Hz
0.1,1.75E-12
0.7670447,1.75E-12
1.4340894,1.75E-12
2.1011341,1.75E-12
2.7681788,1.75E-12
3.4352235,1.75E-12
4.1022682,1.75E-12
4.7693129,1.75E-12
5.4363576,1.75E-12
6.1034023,1.75E-12
6.770447,2.88E-12
7.4374917,2.56E-12
8.1045364,1.62E-12
8.7715811,1.98E-12
9.4386258,1.84E-12
10.10567,1.88E-12
10.772715,2.08E-12
11.43976,1.39E-12
12.106805,9.88E-13
12.773849,1.58E-12
13.440894,3.70E-12
14.107939,8.09E-12
14.774983,1.32E-12
15.442028,1.38E-12
16.109073,1.18E-12
16.776117,1.75E-12
17.443162,1.28E-12
18.110207,5.16E-12
18.777252,1.73E-12
19.444296,1.11E-12
20.111341,1.45E-12
20.778386,1.14E-12
21.44543,1.82E-12
22.112475,1.02E-12
22.77952,1.50E-12
23.446564,1.67E-12
24.113609,7.18E-13
24.780654,1.18E-12
25.447698,1.16E-12
26.114743,2.20E-12
26.781788,2.06E-12
27.448833,7.05E-12
28.115877,5.88E-12
28.782922,1.13E-12
29.449967,1.19E-12
30.117011,1.22E-12
30.784056,1.27E-12
31.451101,8.65E-13
32.118145,7.27E-13
32.78519,1.19E-12
33.452235,1.29E-12
34.11928,1.32E-12
34.786324,8.50E-13
35.453369,4.65E-13
36.120414,9.53E-13
36.787458,2.27E-12
37.454503,1.69E-12
38.121548,1.35E-12
38.788592,7.00E-13
39.455637,5.96E-13
40.122682,9.07E-13
40.789726,1.48E-12
41.456771,5.67E-12
42.123816,2.49E-12
42.790861,1.09E-12
43.457905,2.13E-12
44.12495,1.08E-12
44.791995,1.21E-12
45.459039,1.70E-12
46.126084,1.76E-12
46.793129,1.48E-12
47.460173,1.20E-12
48.127218,9.50E-13
48.794263,1.64E-12
49.461308,1.01E-12
50.128352,1.52E-12
50.795397,6.78E-13
51.462442,1.51E-12
52.129486,1.73E-12
52.796531,1.92E-12
53.463576,2.20E-12
54.13062,1.72E-12
54.797665,4.46E-12
55.46471,8.10E-12
56.131755,1.58E-12
56.798799,1.09E-12
57.465844,2.49E-12
58.132889,1.44E-12
58.799933,1.75E-12
59.466978,1.02E-12
60.134023,2.41E-12
60.801067,1.39E-12
61.468112,1.15E-12
62.135157,1.36E-12
62.802201,5.44E-13
63.469246,1.11E-12
64.136291,2.40E-12
64.803336,8.56E-13
65.47038,7.18E-13
66.137425,7.57E-13
66.80447,1.45E-12
67.471514,6.29E-13
68.138559,1.02E-12
68.805604,1.38E-12
69.472648,1.67E-12
70.139693,1.16E-12
70.806738,1.23E-12
71.473783,8.50E-13
72.140827,1.34E-12
72.807872,1.32E-12
73.474917,1.70E-12
74.141961,1.26E-12
74.809006,1.24E-12
75.476051,8.47E-13
76.143095,9.62E-13
76.81014,6.72E-13
77.477185,1.13E-12
78.144229,7.44E-13
78.811274,1.34E-12
79.478319,1.16E-12
80.145364,5.07E-13
80.812408,1.57E-12
81.479453,1.17E-12
82.146498,1.76E-12
82.813542,2.92E-12
83.480587,2.64E-12
84.147632,1.60E-12
84.814676,1.20E-12
85.481721,1.22E-12
86.148766,8.04E-13
86.815811,7.49E-13
87.482855,1.30E-12
88.1499,9.14E-13
88.816945,2.44E-12
89.483989,1.45E-12
90.151034,1.53E-12
90.818079,9.58E-13
91.485123,2.38E-12
92.152168,5.10E-13
92.819213,7.11E-13
93.486258,1.53E-12
94.153302,1.44E-12
94.820347,1.50E-12
95.487392,1.09E-12
96.154436,1.06E-12
96.821481,1.72E-12
97.488526,2.11E-12
98.15557,1.22E-12
98.822615,1.79E-12
99.48966,9.17E-13
100.1567,2.12E-12
100.82375,2.67E-12
101.49079,1.36E-12
102.15784,9.56E-13
102.82488,5.68E-13
103.49193,8.74E-13
104.15897,1.22E-12
104.82602,1.29E-12
105.49306,9.73E-13
106.16011,1.05E-12
106.82715,6.72E-13
107.4942,1.37E-12
108.16124,1.79E-12
108.82829,1.00E-12
109.49533,1.13E-12
110.16237,1.02E-12
110.82942,2.24E-12
111.49646,1.25E-12
112.16351,8.14E-13
112.83055,8.85E-13
113.4976,1.00E-12
114.16464,7.88E-13
114.83169,1.65E-12
115.49873,8.91E-13
116.16578,1.20E-12
116.83282,1.03E-12
117.49987,1.44E-12
118.16691,1.19E-12
118.83396,1.96E-12
119.501,1.43E-12
120.16805,1.04E-12
120.83509,1.98E-12
121.50213,7.87E-13
122.16918,4.94E-13
122.83622,1.70E-12
123.50327,9.23E-13
124.17031,1.10E-12
124.83736,1.78E-12
125.5044,1.13E-12
126.17145,1.13E-12
126.83849,1.37E-12
127.50554,7.54E-13
128.17258,6.79E-13
128.83963,1.11E-12
129.50667,1.14E-12
130.17372,1.03E-12
130.84076,1.02E-12
131.50781,1.35E-12
132.17485,1.39E-12
132.84189,1.23E-12
133.50894,1.36E-12
134.17598,4.06E-13
134.84303,7.73E-13
135.51007,7.78E-13
136.17712,1.11E-12
136.84416,9.32E-13
137.51121,2.04E-12
138.17825,7.33E-13
138.8453,1.74E-12
139.51234,9.42E-13
140.17939,9.28E-13
140.84643,1.04E-12
141.51348,8.09E-13
142.18052,1.09E-12
142.84757,9.34E-13
143.51461,6.00E-13
144.18165,7.24E-13
144.8487,1.24E-12
145.51574,1.16E-12
146.18279,1.26E-12
146.84983,1.18E-12
147.51688,9.23E-13
148.18392,8.66E-13
148.85097,9.59E-13
149.51801,1.46E-12
150.18506,8.90E-13
150.8521,9.76E-13
151.51915,8.00E-13
152.18619,1.31E-12
152.85324,1.08E-12
153.52028,1.07E-12
154.18732,1.09E-12
154.85437,1.33E-12
155.52141,2.27E-12
156.18846,9.50E-13
156.8555,1.61E-12
157.52255,9.28E-13
158.18959,1.06E-12
158.85664,5.38E-13
159.52368,1.57E-12
160.19073,1.16E-12
160.85777,5.74E-13
161.52482,7.20E-13
162.19186,9.88E-13
162.85891,8.27E-13
163.52595,1.61E-12
164.193,1.91E-12
164.86004,1.10E-12
165.52708,7.22E-13
166.19413,5.84E-13
166.86117,1.23E-12
167.52822,1.18E-12
168.19526,1.11E-12
168.86231,1.07E-12
169.52935,9.44E-13
170.1964,1.54E-12
170.86344,1.54E-12
171.53049,9.50E-13
172.19753,6.67E-13
172.86458,1.32E-12
173.53162,9.93E-13
174.19867,1.59E-12
174.86571,9.81E-13
175.53276,1.11E-12
176.1998,1.02E-12
176.86684,1.66E-12
177.53389,1.06E-12
178.20093,8.89E-13
178.86798,6.49E-13
179.53502,7.18E-13
180.20207,1.06E-12
180.86911,1.23E-12
181.53616,9.07E-13
182.2032,1.12E-12
182.87025,1.42E-12
183.53729,1.10E-12
184.20434,6.60E-13
184.87138,8.27E-13
185.53843,1.20E-12
186.20547,1.34E-12
186.87252,9.81E-13
187.53956,6.55E-13
188.2066,1.12E-12
188.87365,1.10E-12
189.54069,1.39E-12
190.20774,6.59E-13
190.87478,7.31E-13
191.54183,8.93E-13
192.20887,1.64E-12
192.87592,1.33E-12
193.54296,1.05E-12
194.21001,1.15E-12
194.87705,9.17E-13
195.5441,1.43E-12
196.21114,5.77E-13
196.87819,1.11E-12
197.54523,1.61E-12
198.21227,1.06E-12
198.87932,1.14E-12
199.54636,7.77E-13
200.21341,9.45E-13
200.88045,1.95E-12
201.5475,9.97E-13
202.21454,9.14E-13
202.88159,6.75E-13
203.54863,9.93E-13
204.21568,9.18E-13
204.88272,1.21E-12
205.54977,7.95E-13
206.21681,8.58E-13
206.88386,1.19E-12
207.5509,1.13E-12
208.21795,1.03E-12
208.88499,1.16E-12
209.55203,9.72E-13
210.21908,1.09E-12
210.88612,7.75E-13
211.55317,7.05E-13
212.22021,7.34E-13
212.88726,1.17E-12
213.5543,6.36E-13
214.22135,1.63E-12
214.88839,1.93E-12
215.55544,1.19E-12
216.22248,8.56E-13
216.88953,9.74E-13
217.55657,1.38E-12
218.22362,1.80E-12
218.89066,1.34E-12
219.55771,1.08E-12
220.22475,9.95E-13
220.89179,8.06E-13
221.55884,6.84E-13
222.22588,6.68E-13
222.89293,5.70E-13
223.55997,1.03E-12
224.22702,5.81E-13
224.89406,1.30E-12
225.56111,1.06E-12
226.22815,1.07E-12
226.8952,1.11E-12
227.56224,8.61E-13
228.22929,1.33E-12
228.89633,1.95E-12
229.56338,1.10E-12
230.23042,6.19E-13
230.89746,5.75E-13
231.56451,1.12E-12
232.23155,1.21E-12
232.8986,1.06E-12
233.56564,1.13E-12
234.23269,8.02E-13
234.89973,1.27E-12
235.56678,1.48E-12
236.23382,7.21E-13
236.90087,1.15E-12
237.56791,7.54E-13
238.23496,1.15E-12
238.902,1.11E-12
239.56905,1.70E-12
240.23609,9.21E-13
240.90314,7.18E-13
241.57018,1.02E-12
242.23722,8.71E-13
242.90427,1.02E-12
243.57131,7.95E-13
244.23836,1.23E-12
244.9054,7.55E-13
245.57245,1.25E-12
246.23949,8.46E-13
246.90654,8.85E-13
247.57358,2.31E-12
248.24063,1.07E-12
248.90767,1.56E-12
249.57472,9.40E-13
250.24176,1.19E-12
250.90881,1.06E-12
251.57585,7.84E-13
252.2429,1.11E-12
252.90994,9.72E-13
253.57698,1.58E-12
254.24403,6.16E-13
254.91107,1.27E-12
255.57812,1.37E-12
256.24516,1.48E-12
256.91221,1.14E-12
257.57925,1.47E-12
258.2463,1.57E-12
258.91334,1.55E-12
259.58039,1.45E-12
260.24743,8.77E-13
260.91448,1.26E-12
261.58152,9.85E-13
262.24857,9.97E-13
262.91561,8.46E-13
263.58266,7.66E-13
264.2497,1.72E-12
264.91674,9.41E-13
265.58379,7.40E-13
266.25083,2.52E-12
266.91788,9.89E-13
267.58492,1.16E-12
268.25197,1.31E-12
268.91901,1.29E-12
269.58606,1.07E-12
270.2531,1.00E-12
270.92015,1.18E-12
271.58719,1.07E-12
272.25424,7.86E-13
272.92128,1.10E-12
273.58833,1.08E-12
274.25537,1.08E-12
274.92241,1.11E-12
275.58946,7.32E-13
276.2565,1.05E-12
276.92355,8.93E-13
277.59059,1.29E-12
278.25764,7.84E-13
278.92468,7.32E-13
279.59173,1.05E-12
280.25877,1.16E-12
280.92582,7.95E-13
281.59286,1.49E-12
282.25991,7.90E-13
282.92695,1.17E-12
283.594,1.59E-12
284.26104,1.04E-12
284.92809,7.84E-13
285.59513,1.33E-12
286.26217,7.74E-13
286.92922,5.65E-13
287.59626,1.31E-12
288.26331,1.07E-12
288.93035,1.36E-12
289.5974,1.52E-12
290.26444,7.71E-13
290.93149,1.04E-12
291.59853,1.39E-12
292.26558,1.71E-12
292.93262,7.63E-13
293.59967,8.08E-13
294.26671,1.08E-12
294.93376,1.38E-12
295.6008,1.28E-12
296.26785,2.80E-12
296.93489,1.03E-12
297.60193,1.52E-12
298.26898,9.53E-13
298.93602,1.33E-12
299.60307,8.69E-13
300.27011,8.03E-13
300.93716,1.30E-12
301.6042,1.32E-12
302.27125,6.78E-13
302.93829,8.37E-13
303.60534,8.66E-13
304.27238,1.03E-12
304.93943,1.53E-12
305.60647,9.81E-13
306.27352,8.56E-13
306.94056,1.47E-12
307.60761,1.30E-12
308.27465,1.63E-12
308.94169,1.62E-12
309.60874,1.17E-12
310.27578,8.19E-13
310.94283,9.19E-13
311.60987,1.34E-12
312.27692,2.50E-12
312.94396,1.11E-12
313.61101,1.34E-12
314.27805,1.04E-12
314.9451,1.44E-12
315.61214,1.20E-12
316.27919,7.09E-13
316.94623,1.60E-12
317.61328,1.62E-12
318.28032,1.75E-12
318.94736,1.03E-12
319.61441,1.86E-12
320.28145,1.18E-12
320.9485,9.27E-13
321.61554,1.03E-12
322.28259,1.39E-12
322.94963,1.02E-12
323.61668,1.19E-12
324.28372,6.03E-13
324.95077,1.57E-12
325.61781,1.34E-12
326.28486,9.96E-13
326.9519,9.92E-13
327.61895,7.20E-13
328.28599,1.13E-12
328.95304,5.48E-13
329.62008,1.13E-12
330.28712,1.38E-12
330.95417,6.68E-13
331.62121,5.98E-13
332.28826,1.44E-12
332.9553,1.44E-12
333.62235,1.67E-12
334.28939,9.38E-13
334.95644,9.79E-13
335.62348,1.10E-12
336.29053,2.20E-12
336.95757,8.46E-13
337.62462,9.65E-13
338.29166,1.27E-12
338.95871,1.95E-12
339.62575,9.29E-13
340.2928,7.40E-13
340.95984,1.02E-12
341.62688,1.33E-12
342.29393,9.41E-13
342.96097,1.04E-12
343.62802,7.13E-13
344.29506,6.25E-13
344.96211,1.06E-12
345.62915,8.20E-13
346.2962,1.01E-12
346.96324,8.97E-13
347.63029,9.73E-13
348.29733,1.74E-12
348.96438,6.50E-13
349.63142,8.38E-13
350.29847,8.04E-13
350.96551,7.34E-13
351.63256,1.61E-12
352.2996,1.15E-12
352.96664,1.10E-12
353.63369,1.24E-12
354.30073,9.24E-13
354.96778,1.12E-12
355.63482,1.98E-12
356.30187,1.61E-12
356.96891,1.20E-12
357.63596,8.02E-13
358.303,1.24E-12
358.97005,1.08E-12
359.63709,1.19E-12
360.30414,1.24E-12
360.97118,7.11E-13
361.63823,1.04E-12
362.30527,9.86E-13
362.97231,1.43E-12
363.63936,1.52E-12
364.3064,8.50E-13
364.97345,1.43E-12
365.64049,1.66E-12
366.30754,8.09E-13
366.97458,5.98E-13
367.64163,1.71E-12
368.30867,1.10E-12
368.97572,1.12E-12
369.64276,1.13E-12
370.30981,1.80E-12
370.97685,1.20E-12
371.6439,1.21E-12
372.31094,1.42E-12
372.97799,7.85E-13
373.64503,7.84E-13
374.31207,6.58E-13
374.97912,1.05E-12
375.64616,1.17E-12
376.31321,8.33E-13
376.98025,1.44E-12
377.6473,1.08E-12
378.31434,1.22E-12
378.98139,1.08E-12
379.64843,8.48E-13
380.31548,1.36E-12
380.98252,6.52E-13
381.64957,1.41E-12
382.31661,9.62E-13
382.98366,9.44E-13
383.6507,1.27E-12
384.31775,1.10E-12
384.98479,1.28E-12
385.65183,1.06E-12
386.31888,1.33E-12
386.98592,1.21E-12
387.65297,8.47E-13
388.32001,7.15E-13
388.98706,1.18E-12
389.6541,1.11E-12
390.32115,9.67E-13
390.98819,1.24E-12
391.65524,1.51E-12
392.32228,1.04E-12
392.98933,1.01E-12
393.65637,1.92E-12
394.32342,9.57E-13
394.99046,1.10E-12
395.65751,1.09E-12
396.32455,1.41E-12
396.99159,5.85E-13
397.65864,1.34E-12
398.32568,7.76E-13
398.99273,1.26E-12
399.65977,1.86E-12
400.32682,1.01E-12
400.99386,1.17E-12
401.66091,5.74E-13
402.32795,7.72E-13
402.995,1.30E-12
403.66204,1.28E-12
404.32909,1.18E-12
404.99613,6.16E-13
405.66318,1.45E-12
406.33022,7.74E-13
406.99726,8.79E-13
407.66431,1.26E-12
408.33135,7.37E-13
408.9984,6.24E-13
409.66544,8.57E-13
410.33249,8.86E-13
410.99953,1.25E-12
411.66658,1.09E-12
412.33362,7.45E-13
413.00067,1.09E-12
413.66771,1.17E-12
414.33476,8.41E-13
415.0018,9.27E-13
415.66885,6.47E-13
416.33589,1.37E-12
417.00294,8.40E-13
417.66998,7.68E-13
418.33702,1.21E-12
419.00407,1.15E-12
419.67111,1.06E-12
420.33816,1.80E-12
421.0052,1.49E-12
421.67225,9.33E-13
422.33929,1.05E-12
423.00634,1.17E-12
423.67338,5.57E-13
424.34043,8.11E-13
425.00747,1.09E-12
425.67452,1.06E-12
426.34156,1.33E-12
427.00861,1.16E-12
427.67565,1.20E-12
428.3427,1.03E-12
429.00974,1.90E-12
429.67678,1.29E-12
430.34383,8.12E-13
431.01087,1.75E-12
431.67792,1.08E-12
432.34496,1.33E-12
433.01201,1.06E-12
433.67905,7.14E-13
434.3461,8.57E-13
435.01314,1.45E-12
435.68019,1.12E-12
436.34723,1.87E-12
437.01428,1.01E-12
437.68132,9.71E-13
438.34837,1.50E-12
439.01541,7.90E-13
439.68245,1.00E-12
440.3495,1.52E-12
441.01654,6.85E-13
441.68359,7.85E-13
442.35063,6.19E-13
443.01768,1.11E-12
443.68472,1.06E-12
444.35177,6.31E-13
445.01881,1.44E-12
445.68586,8.74E-13
446.3529,8.16E-13
447.01995,7.99E-13
447.68699,9.74E-13
448.35404,7.76E-13
449.02108,7.01E-13
449.68813,9.36E-13
450.35517,8.73E-13
451.02221,1.22E-12
451.68926,1.18E-12
452.3563,1.36E-12
453.02335,6.50E-13
453.69039,1.04E-12
454.35744,7.71E-13
455.02448,1.20E-12
455.69153,1.15E-12
456.35857,1.34E-12
457.02562,1.49E-12
457.69266,1.47E-12
458.35971,5.04E-13
459.02675,7.00E-13
459.6938,1.54E-12
460.36084,1.26E-12
461.02789,1.17E-12
461.69493,1.34E-12
462.36197,1.32E-12
463.02902,9.82E-13
463.69606,7.32E-13
464.36311,1.05E-12
465.03015,8.94E-13
465.6972,1.24E-12
466.36424,1.28E-12
467.03129,6.93E-13
467.69833,1.86E-12
468.36538,1.34E-12
469.03242,1.58E-12
469.69947,1.33E-12
470.36651,1.03E-12
471.03356,9.38E-13
471.7006,1.59E-12
472.36765,1.08E-12
473.03469,9.51E-13
473.70173,9.51E-13
474.36878,9.90E-13
475.03582,8.27E-13
475.70287,5.59E-13
476.36991,7.54E-13
477.03696,7.56E-13
477.704,8.21E-13
478.37105,1.55E-12
479.03809,6.08E-13
479.70514,1.46E-12
480.37218,1.27E-12
481.03923,1.26E-12
481.70627,6.01E-13
482.37332,1.17E-12
483.04036,1.25E-12
483.7074,7.71E-13
484.37445,1.02E-12
485.04149,8.38E-13
485.70854,7.07E-13
486.37558,1.06E-12
487.04263,9.09E-13
487.70967,8.15E-13
488.37672,9.54E-13
489.04376,8.09E-13
489.71081,1.15E-12
490.37785,1.03E-12
491.0449,1.22E-12
491.71194,1.11E-12
492.37899,1.19E-12
493.04603,1.33E-12
493.71308,1.12E-12
494.38012,1.40E-12
495.04716,1.16E-12
495.71421,6.84E-13
496.38125,1.03E-12
497.0483,1.18E-12
497.71534,1.16E-12
498.38239,1.02E-12
499.04943,9.19E-13
499.71648,1.77E-12
500.38352,1.01E-12
501.05057,1.50E-12
501.71761,7.89E-13
502.38466,1.69E-12
503.0517,1.03E-12
503.71875,8.57E-13
504.38579,1.54E-12
505.05284,6.72E-13
505.71988,1.04E-12
506.38692,6.79E-13
507.05397,6.93E-13
507.72101,8.35E-13
508.38806,1.29E-12
509.0551,8.83E-13
509.72215,8.62E-13
510.38919,8.53E-13
511.05624,1.01E-12
511.72328,9.11E-13
512.39033,1.27E-12
513.05737,1.23E-12
513.72442,1.64E-12
514.39146,7.42E-13
515.05851,9.12E-13
515.72555,1.27E-12
516.3926,7.64E-13
517.05964,9.74E-13
517.72668,1.29E-12
518.39373,6.69E-13
519.06077,9.34E-13
519.72782,6.97E-13
520.39486,1.07E-12
521.06191,7.04E-13
521.72895,9.32E-13
522.396,1.55E-12
523.06304,1.11E-12
523.73009,7.20E-13
524.39713,1.88E-12
525.06418,1.04E-12
525.73122,1.19E-12
526.39827,1.10E-12
527.06531,1.03E-12
527.73235,9.63E-13
528.3994,1.33E-12
529.06644,8.59E-13
529.73349,1.38E-12
530.40053,1.38E-12
531.06758,1.13E-12
531.73462,1.31E-12
532.40167,9.24E-13
533.06871,1.37E-12
533.73576,5.01E-13
534.4028,1.21E-12
535.06985,1.05E-12
535.73689,1.23E-12
536.40394,8.99E-13
537.07098,1.26E-12
537.73803,1.26E-12
538.40507,7.41E-13
539.07211,1.50E-12
539.73916,6.89E-13
540.4062,5.66E-13
541.07325,1.29E-12
541.74029,7.43E-13
542.40734,6.51E-13
543.07438,7.55E-13
543.74143,1.42E-12
544.40847,7.56E-13
545.07552,8.82E-13
545.74256,1.11E-12
546.40961,1.05E-12
547.07665,3.89E-13
547.7437,2.27E-12
548.41074,1.35E-12
549.07779,6.89E-13
549.74483,1.09E-12
550.41187,8.04E-13
551.07892,1.33E-12
551.74596,1.01E-12
552.41301,1.37E-12
553.08005,1.12E-12
553.7471,1.10E-12
554.41414,9.72E-13
555.08119,2.24E-12
555.74823,8.57E-13
556.41528,9.62E-13
557.08232,1.17E-12
557.74937,1.07E-12
558.41641,1.05E-12
559.08346,1.17E-12
559.7505,8.99E-13
560.41755,1.12E-12
561.08459,1.15E-12
561.75163,7.15E-13
562.41868,1.02E-12
563.08572,1.47E-12
563.75277,8.30E-13
564.41981,1.47E-12
565.08686,5.27E-13
565.7539,1.57E-12
566.42095,7.09E-13
567.08799,8.18E-13
567.75504,8.05E-13
568.42208,1.20E-12
569.08913,6.84E-13
569.75617,1.04E-12
570.42322,8.68E-13
571.09026,9.20E-13
571.7573,1.71E-12
572.42435,1.05E-12
573.09139,1.15E-12
573.75844,1.86E-12
574.42548,1.59E-12
575.09253,1.07E-12
575.75957,1.08E-12
576.42662,8.15E-13
577.09366,9.76E-13
577.76071,1.49E-12
578.42775,1.27E-12
579.0948,1.35E-12
579.76184,1.48E-12
580.42889,8.31E-13
581.09593,1.32E-12
581.76298,1.49E-12
582.43002,8.30E-13
583.09706,8.50E-13
583.76411,1.41E-12
584.43115,1.13E-12
585.0982,7.91E-13
585.76524,1.28E-12
586.43229,1.34E-12
587.09933,1.73E-12
587.76638,1.69E-12
588.43342,1.40E-12
589.10047,8.81E-13
589.76751,1.24E-12
590.43456,1.01E-12
591.1016,8.52E-13
591.76865,7.07E-13
592.43569,9.59E-13
593.10274,8.90E-13
593.76978,7.36E-13
594.43682,6.82E-13
595.10387,1.04E-12
595.77091,9.86E-13
596.43796,1.19E-12
597.105,1.25E-12
597.77205,9.86E-13
598.43909,1.63E-12
599.10614,1.37E-12
599.77318,1.20E-12
600.44023,1.11E-12
601.10727,8.31E-13
601.77432,9.07E-13
602.44136,7.29E-13
603.10841,9.57E-13
603.77545,1.15E-12
604.44249,1.03E-12
605.10954,1.12E-12
605.77658,1.12E-12
606.44363,8.74E-13
607.11067,7.65E-13
607.77772,1.43E-12
608.44476,9.94E-13
609.11181,5.59E-13
609.77885,1.45E-12
610.4459,7.81E-13
611.11294,1.73E-12
611.77999,8.22E-13
612.44703,1.25E-12
613.11408,8.48E-13
613.78112,5.17E-13
614.44817,9.52E-13
615.11521,8.68E-13
615.78225,1.22E-12
616.4493,7.12E-13
617.11634,7.83E-13
617.78339,1.25E-12
618.45043,5.38E-13
619.11748,1.05E-12
619.78452,7.32E-13
620.45157,1.29E-12
621.11861,8.59E-13
621.78566,8.85E-13
622.4527,9.65E-13
623.11975,7.70E-13
623.78679,1.08E-12
624.45384,1.07E-12
625.12088,1.13E-12
625.78793,3.44E-13
626.45497,6.54E-13
627.12201,7.82E-13
627.78906,1.41E-12
628.4561,1.29E-12
629.12315,1.70E-12
629.79019,8.11E-13
630.45724,1.05E-12
631.12428,1.09E-12
631.79133,1.78E-12
632.45837,7.43E-13
633.12542,9.47E-13
633.79246,1.30E-12
634.45951,8.99E-13
635.12655,1.21E-12
635.7936,9.67E-13
636.46064,9.92E-13
637.12769,1.40E-12
637.79473,1.58E-12
638.46177,1.43E-12
639.12882,1.07E-12
639.79586,8.66E-13
640.46291,1.04E-12
641.12995,9.88E-13
641.797,7.61E-13
642.46404,9.88E-13
643.13109,1.12E-12
643.79813,9.20E-13
644.46518,1.21E-12
645.13222,6.25E-13
645.79927,8.78E-13
646.46631,1.53E-12
647.13336,6.22E-13
647.8004,1.88E-12
648.46744,1.21E-12
649.13449,7.20E-13
649.80153,8.99E-13
650.46858,1.20E-12
651.13562,1.38E-12
651.80267,1.16E-12
652.46971,1.01E-12
653.13676,1.22E-12
653.8038,8.31E-13
654.47085,1.10E-12
655.13789,1.12E-12
655.80494,9.96E-13
656.47198,1.16E-12
657.13903,6.87E-13
657.80607,1.57E-12
658.47312,1.29E-12
659.14016,1.11E-12
659.8072,7.77E-13
660.47425,1.56E-12
661.14129,1.13E-12
661.80834,1.37E-12
662.47538,8.92E-13
663.14243,1.38E-12
663.80947,1.17E-12
664.47652,8.63E-13
665.14356,1.22E-12
665.81061,7.76E-13
666.47765,7.03E-13
667.1447,8.70E-13
667.81174,1.07E-12
668.47879,1.15E-12
669.14583,1.38E-12
669.81288,1.31E-12
670.47992,1.36E-12
671.14696,8.59E-13
671.81401,9.69E-13
672.48105,8.39E-13
673.1481,8.81E-13
673.81514,1.23E-12
674.48219,1.07E-12
675.14923,5.00E-13
675.81628,1.01E-12
676.48332,1.09E-12
677.15037,9.01E-13
677.81741,6.22E-13
678.48446,8.11E-13
679.1515,1.40E-12
679.81855,8.18E-13
680.48559,1.04E-12
681.15264,1.26E-12
681.81968,1.15E-12
682.48672,9.61E-13
683.15377,1.20E-12
683.82081,1.53E-12
684.48786,1.66E-12
685.1549,7.08E-13
685.82195,5.73E-13
686.48899,1.27E-12
687.15604,6.00E-13
687.82308,7.36E-13
688.49013,1.28E-12
689.15717,1.11E-12
689.82422,1.15E-12
690.49126,9.58E-13
691.15831,1.04E-12
691.82535,1.00E-12
692.49239,7.01E-13
693.15944,1.24E-12
693.82648,1.18E-12
694.49353,9.18E-13
695.16057,1.25E-12
695.82762,6.79E-13
696.49466,1.07E-12
697.16171,1.36E-12
697.82875,1.30E-12
698.4958,6.78E-13
699.16284,1.01E-12
699.82989,1.40E-12
700.49693,1.33E-12
701.16398,1.13E-12
701.83102,6.83E-13
702.49807,6.65E-13
703.16511,1.60E-12
703.83215,1.11E-12
704.4992,1.11E-12
705.16624,1.14E-12
705.83329,1.91E-12
706.50033,9.55E-13
707.16738,9.98E-13
707.83442,1.54E-12
708.50147,1.08E-12
709.16851,5.92E-13
709.83556,9.98E-13
710.5026,1.15E-12
711.16965,8.17E-13
711.83669,7.25E-13
712.50374,1.71E-12
713.17078,7.99E-13
713.83783,1.18E-12
714.50487,7.10E-13
715.17191,9.85E-13
715.83896,9.30E-13
716.506,1.01E-12
717.17305,1.13E-12
717.84009,8.59E-13
718.50714,5.12E-13
719.17418,9.68E-13
719.84123,1.67E-12
720.50827,1.52E-12
721.17532,9.33E-13
721.84236,1.59E-12
722.50941,1.01E-12
723.17645,1.34E-12
723.8435,4.89E-13
724.51054,1.09E-12
725.17759,8.45E-13
725.84463,7.76E-13
726.51167,1.01E-12
727.17872,8.41E-13
727.84576,7.06E-13
728.51281,1.80E-12
729.17985,1.14E-12
729.8469,1.33E-12
730.51394,8.89E-13
731.18099,1.34E-12
731.84803,9.32E-13
732.51508,8.72E-13
733.18212,7.76E-13
733.84917,6.15E-13
734.51621,5.26E-13
735.18326,1.10E-12
735.8503,2.27E-12
736.51734,8.22E-13
737.18439,1.15E-12
737.85143,1.23E-12
738.51848,4.94E-13
739.18552,7.90E-13
739.85257,1.33E-12
740.51961,1.07E-12
741.18666,1.37E-12
741.8537,1.12E-12
742.52075,6.77E-13
743.18779,7.25E-13
743.85484,1.23E-12
744.52188,8.14E-13
745.18893,6.86E-13
745.85597,9.37E-13
746.52302,1.95E-12
747.19006,2.14E-12
747.8571,8.14E-13
748.52415,8.16E-13
749.19119,9.63E-13
749.85824,6.81E-13
750.52528,8.99E-13
751.19233,7.07E-13
751.85937,7.63E-13
752.52642,1.37E-12
753.19346,1.45E-12
753.86051,5.60E-13
754.52755,8.09E-13
755.1946,7.64E-13
755.86164,1.34E-12
756.52869,7.61E-13
757.19573,5.49E-13
757.86278,9.51E-13
758.52982,6.44E-13
759.19686,1.14E-12
759.86391,1.53E-12
760.53095,7.65E-13
761.198,1.42E-12
761.86504,1.31E-12
762.53209,7.86E-13
763.19913,6.05E-13
763.86618,9.89E-13
764.53322,4.90E-13
765.20027,1.17E-12
765.86731,1.07E-12
766.53436,1.39E-12
767.2014,9.51E-13
767.86845,6.87E-13
768.53549,1.33E-12
769.20254,1.20E-12
769.86958,6.79E-13
770.53662,1.07E-12
771.20367,1.24E-12
771.87071,1.18E-12
772.53776,1.42E-12
773.2048,8.79E-13
773.87185,1.13E-12
774.53889,9.57E-13
775.20594,7.53E-13
775.87298,9.48E-13
776.54003,1.36E-12
777.20707,1.12E-12
777.87412,5.67E-13
778.54116,9.38E-13
779.20821,1.39E-12
779.87525,1.22E-12
780.54229,8.28E-13
781.20934,1.40E-12
781.87638,9.76E-13
782.54343,1.27E-12
783.21047,1.06E-12
783.87752,1.45E-12
784.54456,1.97E-12
785.21161,1.12E-12
785.87865,9.55E-13
786.5457,1.31E-12
787.21274,8.57E-13
787.87979,1.05E-12
788.54683,8.98E-13
789.21388,8.62E-13
789.88092,1.00E-12
790.54797,1.10E-12
791.21501,1.21E-12
791.88205,9.08E-13
792.5491,1.63E-12
793.21614,1.43E-12
793.88319,1.10E-12
794.55023,1.02E-12
795.21728,1.51E-12
795.88432,1.12E-12
796.55137,1.21E-12
797.21841,1.21E-12
797.88546,8.65E-13
798.5525,1.42E-12
799.21955,8.37E-13
799.88659,6.14E-13
800.55364,1.50E-12
801.22068,6.12E-13
801.88773,1.03E-12
802.55477,1.26E-12
803.22181,1.20E-12
803.88886,1.49E-12
804.5559,1.83E-12
805.22295,5.94E-13
805.88999,1.16E-12
806.55704,1.84E-12
807.22408,1.12E-12
807.89113,8.31E-13
808.55817,1.01E-12
809.22522,6.63E-13
809.89226,1.00E-12
810.55931,9.68E-13
811.22635,9.24E-13
811.8934,1.55E-12
812.56044,1.00E-12
813.22748,1.06E-12
813.89453,1.32E-12
814.56157,8.58E-13
815.22862,9.33E-13
815.89566,6.71E-13
816.56271,9.07E-13
817.22975,5.17E-13
817.8968,8.16E-13
818.56384,9.70E-13
819.23089,1.84E-12
819.89793,7.08E-13
820.56498,1.62E-12
821.23202,1.12E-12
821.89907,1.38E-12
822.56611,7.29E-13
823.23316,9.17E-13
823.9002,1.07E-12
824.56724,5.13E-13
825.23429,1.64E-12
825.90133,1.11E-12
826.56838,8.91E-13
827.23542,1.34E-12
827.90247,7.56E-13
828.56951,1.13E-12
829.23656,1.07E-12
829.9036,1.08E-12
830.57065,1.55E-12
831.23769,1.01E-12
831.90474,1.11E-12
832.57178,2.07E-12
833.23883,1.25E-12
833.90587,1.18E-12
834.57292,1.47E-12
835.23996,1.10E-12
835.907,9.43E-13
836.57405,1.60E-12
837.24109,1.33E-12
837.90814,6.88E-13
838.57518,1.08E-12
839.24223,1.39E-12
839.90927,1.26E-12
840.57632,7.28E-13
841.24336,5.69E-13
841.91041,8.79E-13
842.57745,1.27E-12
843.2445,1.33E-12
843.91154,1.10E-12
844.57859,1.07E-12
845.24563,5.86E-13
845.91268,6.88E-13
846.57972,9.46E-13
847.24676,8.56E-13
847.91381,9.30E-13
848.58085,9.49E-13
849.2479,1.07E-12
849.91494,7.04E-13
850.58199,7.99E-13
851.24903,7.23E-13
851.91608,8.29E-13
852.58312,9.17E-13
853.25017,9.36E-13
853.91721,1.20E-12
854.58426,6.99E-13
855.2513,7.32E-13
855.91835,6.75E-13
856.58539,9.79E-13
857.25243,1.70E-12
857.91948,1.24E-12
858.58652,7.42E-13
859.25357,7.73E-13
859.92061,1.75E-12
860.58766,1.34E-12
861.2547,7.24E-13
861.92175,2.30E-12
862.58879,1.03E-12
863.25584,1.06E-12
863.92288,5.52E-13
864.58993,6.93E-13
865.25697,1.22E-12
865.92402,9.95E-13
866.59106,8.58E-13
867.25811,4.33E-13
867.92515,1.15E-12
868.59219,7.26E-13
869.25924,6.58E-13
869.92628,1.04E-12
870.59333,5.73E-13
871.26037,1.05E-12
871.92742,1.01E-12
872.59446,8.04E-13
873.26151,8.46E-13
873.92855,9.59E-13
874.5956,5.58E-13
875.26264,7.22E-13
875.92969,9.56E-13
876.59673,7.87E-13
877.26378,8.70E-13
877.93082,6.62E-13
878.59787,1.01E-12
879.26491,8.76E-13
879.93195,9.00E-13
880.599,1.11E-12
881.26604,1.53E-12
881.93309,7.45E-13
882.60013,1.40E-12
883.26718,1.10E-12
883.93422,6.20E-13
884.60127,1.97E-12
885.26831,6.66E-13
885.93536,7.68E-13
886.6024,7.63E-13
887.26945,1.12E-12
887.93649,1.60E-12
888.60354,1.05E-12
889.27058,8.60E-13
889.93763,1.26E-12
890.60467,9.95E-13
891.27171,1.17E-12
891.93876,1.73E-12
892.6058,9.66E-13
893.27285,9.07E-13
893.93989,1.14E-12
894.60694,7.44E-13
895.27398,1.13E-12
895.94103,9.36E-13
896.60807,9.64E-13
897.27512,7.90E-13
897.94216,8.89E-13
898.60921,1.47E-12
899.27625,2.31E-12
899.9433,1.77E-12
900.61034,8.36E-13
901.27738,6.25E-13
901.94443,5.77E-13
902.61147,1.79E-12
903.27852,7.74E-13
903.94556,1.21E-12
904.61261,4.88E-13
905.27965,6.73E-13
905.9467,1.15E-12
906.61374,7.10E-13
907.28079,7.52E-13
907.94783,1.11E-12
908.61488,1.71E-12
909.28192,1.04E-12
909.94897,1.06E-12
910.61601,1.15E-12
911.28306,1.20E-12
911.9501,1.17E-12
912.61714,1.07E-12
913.28419,1.16E-12
913.95123,1.75E-12
914.61828,1.21E-12
915.28532,1.17E-12
915.95237,6.31E-13
916.61941,1.21E-12
917.28646,1.04E-12
917.9535,1.04E-12
918.62055,1.18E-12
919.28759,9.54E-13
919.95464,9.92E-13
920.62168,9.04E-13
921.28873,1.08E-12
921.95577,1.24E-12
922.62282,8.22E-13
923.28986,1.40E-12
923.9569,9.30E-13
924.62395,6.08E-13
925.29099,9.57E-13
925.95804,1.12E-12
926.62508,1.32E-12
927.29213,1.46E-12
927.95917,1.14E-12
928.62622,1.35E-12
929.29326,8.83E-13
929.96031,1.22E-12
930.62735,1.12E-12
931.2944,7.23E-13
931.96144,8.83E-13
932.62849,1.12E-12
933.29553,6.93E-13
933.96258,4.94E-13
934.62962,8.15E-13
935.29666,1.17E-12
935.96371,9.19E-13
936.63075,8.73E-13
937.2978,1.40E-12
937.96484,1.18E-12
938.63189,1.16E-12
939.29893,1.13E-12
939.96598,1.12E-12
940.63302,8.70E-13
941.30007,8.66E-13
941.96711,1.23E-12
942.63416,7.16E-13
943.3012,8.67E-13
943.96825,1.13E-12
944.63529,1.30E-12
945.30233,9.52E-13
945.96938,1.11E-12
946.63642,4.32E-13
947.30347,1.28E-12
947.97051,1.48E-12
948.63756,8.37E-13
949.3046,1.53E-12
949.97165,9.71E-13
950.63869,1.15E-12
951.30574,1.45E-12
951.97278,8.67E-13
952.63983,1.04E-12
953.30687,5.24E-13
953.97392,6.76E-13
954.64096,6.31E-13
955.30801,9.34E-13
955.97505,1.14E-12
956.64209,1.03E-12
957.30914,8.77E-13
957.97618,1.47E-12
958.64323,1.36E-12
959.31027,9.90E-13
959.97732,1.07E-12
960.64436,8.92E-13
961.31141,1.15E-12
961.97845,5.64E-13
962.6455,7.64E-13
963.31254,1.10E-12
963.97959,1.74E-12
964.64663,1.08E-12
965.31368,1.17E-12
965.98072,7.30E-13
966.64777,1.21E-12
967.31481,1.22E-12
967.98185,1.77E-12
968.6489,9.70E-13
969.31594,7.59E-13
969.98299,7.00E-13
970.65003,1.47E-12
971.31708,8.65E-13
971.98412,6.69E-13
972.65117,6.80E-13
973.31821,1.11E-12
973.98526,7.72E-13
974.6523,6.36E-13
975.31935,1.48E-12
975.98639,1.01E-12
976.65344,1.11E-12
977.32048,6.42E-13
977.98753,1.18E-12
978.65457,6.13E-13
979.32161,1.05E-12
979.98866,9.68E-13
980.6557,8.22E-13
981.32275,6.60E-13
981.98979,5.21E-13
982.65684,1.08E-12
983.32388,8.97E-13
983.99093,9.64E-13
984.65797,9.05E-13
985.32502,1.86E-12
985.99206,1.36E-12
986.65911,1.35E-12
987.32615,9.46E-13
987.9932,1.54E-12
988.66024,1.18E-12
989.32728,9.45E-13
989.99433,6.94E-13
990.66137,1.32E-12
991.32842,1.13E-12
991.99546,1.06E-12
992.66251,1.10E-12
993.32955,6.33E-13
993.9966,6.74E-13
994.66364,1.29E-12
995.33069,6.94E-13
995.99773,1.81E-12
996.66478,7.45E-13
997.33182,1.08E-12
997.99887,1.49E-12
998.66591,9.64E-13
999.33296,1.49E-12
1000,1.07E-12
